dystans_cm,powtorzenie,nr_probki,h_tors
100.0,1,1,204.5
100.0,1,2,215.0
100.0,1,3,213.5
100.0,1,4,217.5
100.0,1,5,214.0
100.0,1,6,213.0
100.0,1,7,213.0
100.0,1,8,213.5
100.0,1,9,212.0
100.0,1,10,210.5
100.0,1,11,211.0
100.0,1,12,214.0
100.0,1,13,213.5
100.0,1,14,214.0
100.0,1,15,213.5
100.0,1,16,213.5
100.0,1,17,216.5
100.0,1,18,217.0
100.0,1,19,217.0
100.0,1,20,218.5
100.0,1,21,218.5
100.0,1,22,221.0
100.0,1,23,220.5
100.0,1,24,219.5
100.0,1,25,220.0
100.0,1,26,218.0
100.0,1,27,217.5
100.0,1,28,218.0
100.0,1,29,219.0
100.0,1,30,218.0
100.0,2,1,222.5
100.0,2,2,219.0
100.0,2,3,220.5
100.0,2,4,218.0
100.0,2,5,218.5
100.0,2,6,218.5
100.0,2,7,221.0
100.0,2,8,218.0
100.0,2,9,219.0
100.0,2,10,217.0
100.0,2,11,218.5
100.0,2,12,218.0
100.0,2,13,217.5
100.0,2,14,218.0
100.0,2,15,216.0
100.0,2,16,216.5
100.0,2,17,218.0
100.0,2,18,216.0
100.0,2,19,214.5
100.0,2,20,211.5
100.0,2,21,212.0
100.0,2,22,215.5
100.0,2,23,217.5
100.0,2,24,217.5
100.0,2,25,218.0
100.0,2,26,217.0
100.0,2,27,218.5
100.0,2,28,218.0
100.0,2,29,219.0
100.0,2,30,218.5
100.0,3,1,225.5
100.0,3,2,219.0
100.0,3,3,224.0
100.0,3,4,224.0
100.0,3,5,220.0
100.0,3,6,215.0
100.0,3,7,215.5
100.0,3,8,213.5
100.0,3,9,208.0
100.0,3,10,209.5
100.0,3,11,213.0
100.0,3,12,208.0
100.0,3,13,210.0
100.0,3,14,207.5
100.0,3,15,213.0
100.0,3,16,212.5
100.0,3,17,210.0
100.0,3,18,211.5
100.0,3,19,211.5
100.0,3,20,211.0
100.0,3,21,212.0
100.0,3,22,209.0
100.0,3,23,212.5
100.0,3,24,209.0
100.0,3,25,208.0
100.0,3,26,211.0
100.0,3,27,208.0
100.0,3,28,211.5
100.0,3,29,210.5
100.0,3,30,214.5
150.0,1,1,155.0
150.0,1,2,149.0
150.0,1,3,147.0
150.0,1,4,143.5
150.0,1,5,142.0
150.0,1,6,149.0
150.0,1,7,147.5
150.0,1,8,144.5
150.0,1,9,144.5
150.0,1,10,143.5
150.0,1,11,143.5
150.0,1,12,145.0
150.0,1,13,146.5
150.0,1,14,145.5
150.0,1,15,144.0
150.0,1,16,145.0
150.0,1,17,145.5
150.0,1,18,144.5
150.0,1,19,144.0
150.0,1,20,145.0
150.0,1,21,147.0
150.0,1,22,147.0
150.0,1,23,145.0
150.0,1,24,144.0
150.0,1,25,143.0
150.0,1,26,144.0
150.0,1,27,144.0
150.0,1,28,143.0
150.0,1,29,143.5
150.0,1,30,144.0
150.0,2,1,142.5
150.0,2,2,141.0
150.0,2,3,145.0
150.0,2,4,141.0
150.0,2,5,142.0
150.0,2,6,139.5
150.0,2,7,139.0
150.0,2,8,138.0
150.0,2,9,137.5
150.0,2,10,138.0
150.0,2,11,136.5
150.0,2,12,139.0
150.0,2,13,140.0
150.0,2,14,141.0
150.0,2,15,139.5
150.0,2,16,139.5
150.0,2,17,139.5
150.0,2,18,137.5
150.0,2,19,138.5
150.0,2,20,137.0
150.0,2,21,136.0
150.0,2,22,137.5
150.0,2,23,136.5
150.0,2,24,137.5
150.0,2,25,136.5
150.0,2,26,137.5
150.0,2,27,136.5
150.0,2,28,136.0
150.0,2,29,134.0
150.0,2,30,134.5
150.0,3,1,142.0
150.0,3,2,141.5
150.0,3,3,146.5
150.0,3,4,139.5
150.0,3,5,142.5
150.0,3,6,141.0
150.0,3,7,139.5
150.0,3,8,141.5
150.0,3,9,143.0
150.0,3,10,146.5
150.0,3,11,143.5
150.0,3,12,147.5
150.0,3,13,149.0
150.0,3,14,143.0
150.0,3,15,144.5
150.0,3,16,144.5
150.0,3,17,143.5
150.0,3,18,143.0
150.0,3,19,143.0
150.0,3,20,141.5
150.0,3,21,142.5
150.0,3,22,142.0
150.0,3,23,142.0
150.0,3,24,141.0
150.0,3,25,141.5
150.0,3,26,141.0
150.0,3,27,141.0
150.0,3,28,141.0
150.0,3,29,142.0
150.0,3,30,141.0
200.0,1,1,107.5
200.0,1,2,106.5
200.0,1,3,111.5
200.0,1,4,107.5
200.0,1,5,111.0
200.0,1,6,108.0
200.0,1,7,107.5
200.0,1,8,107.5
200.0,1,9,106.0
200.0,1,10,107.0
200.0,1,11,107.0
200.0,1,12,107.0
200.0,1,13,108.0
200.0,1,14,107.5
200.0,1,15,108.0
200.0,1,16,108.0
200.0,1,17,107.5
200.0,1,18,109.5
200.0,1,19,106.0
200.0,1,20,107.5
200.0,1,21,109.5
200.0,1,22,107.0
200.0,1,23,106.0
200.0,1,24,108.0
200.0,1,25,108.5
200.0,1,26,108.5
200.0,1,27,108.0
200.0,1,28,109.5
200.0,1,29,106.0
200.0,1,30,107.0
200.0,2,1,105.0
200.0,2,2,107.5
200.0,2,3,107.0
200.0,2,4,107.0
200.0,2,5,107.0
200.0,2,6,106.0
200.0,2,7,104.0
200.0,2,8,106.5
200.0,2,9,107.5
200.0,2,10,108.0
200.0,2,11,110.0
200.0,2,12,114.0
200.0,2,13,109.0
200.0,2,14,107.5
200.0,2,15,108.0
200.0,2,16,108.0
200.0,2,17,108.0
200.0,2,18,108.5
200.0,2,19,106.5
200.0,2,20,106.0
200.0,2,21,104.5
200.0,2,22,107.5
200.0,2,23,107.5
200.0,2,24,108.0
200.0,2,25,107.0
200.0,2,26,109.0
200.0,2,27,110.5
200.0,2,28,109.5
200.0,2,29,109.0
200.0,2,30,109.5
200.0,3,1,110.5
200.0,3,2,108.0
200.0,3,3,107.5
200.0,3,4,107.0
200.0,3,5,106.5
200.0,3,6,105.5
200.0,3,7,106.0
200.0,3,8,107.5
200.0,3,9,108.0
200.0,3,10,108.5
200.0,3,11,109.5
200.0,3,12,108.5
200.0,3,13,109.0
200.0,3,14,108.5
200.0,3,15,109.5
200.0,3,16,108.0
200.0,3,17,108.5
200.0,3,18,108.0
200.0,3,19,107.0
200.0,3,20,107.0
200.0,3,21,108.5
200.0,3,22,107.0
200.0,3,23,107.5
200.0,3,24,108.5
200.0,3,25,108.5
200.0,3,26,108.5
200.0,3,27,110.5
200.0,3,28,108.0
200.0,3,29,107.5
200.0,3,30,106.0
250.0,1,1,84.0
250.0,1,2,87.5
250.0,1,3,86.0
250.0,1,4,87.0
250.0,1,5,88.5
250.0,1,6,85.0
250.0,1,7,85.0
250.0,1,8,88.0
250.0,1,9,85.5
250.0,1,10,91.0
250.0,1,11,89.5
250.0,1,12,89.0
250.0,1,13,89.0
250.0,1,14,88.0
250.0,1,15,89.5
250.0,1,16,87.5
250.0,1,17,88.0
250.0,1,18,87.0
250.0,1,19,87.0
250.0,1,20,88.0
250.0,1,21,88.0
250.0,1,22,86.5
250.0,1,23,88.0
250.0,1,24,87.0
250.0,1,25,89.5
250.0,1,26,89.0
250.0,1,27,86.0
250.0,1,28,87.5
250.0,1,29,87.0
250.0,1,30,86.5
250.0,2,1,86.0
250.0,2,2,88.0
250.0,2,3,87.0
250.0,2,4,86.0
250.0,2,5,87.0
250.0,2,6,87.0
250.0,2,7,86.0
250.0,2,8,88.5
250.0,2,9,88.5
250.0,2,10,90.0
250.0,2,11,89.5
250.0,2,12,88.5
250.0,2,13,88.0
250.0,2,14,87.5
250.0,2,15,87.5
250.0,2,16,87.5
250.0,2,17,84.0
250.0,2,18,87.5
250.0,2,19,87.0
250.0,2,20,88.0
250.0,2,21,87.5
250.0,2,22,88.5
250.0,2,23,88.0
250.0,2,24,87.0
250.0,2,25,86.0
250.0,2,26,87.0
250.0,2,27,85.5
250.0,2,28,87.0
250.0,2,29,85.5
250.0,2,30,87.5
250.0,3,1,85.5
250.0,3,2,86.0
250.0,3,3,86.5
250.0,3,4,82.5
250.0,3,5,85.5
250.0,3,6,84.0
250.0,3,7,86.0
250.0,3,8,86.0
250.0,3,9,85.5
250.0,3,10,85.0
250.0,3,11,86.5
250.0,3,12,86.0
250.0,3,13,85.5
250.0,3,14,86.5
250.0,3,15,85.5
250.0,3,16,86.5
250.0,3,17,85.5
250.0,3,18,84.5
250.0,3,19,83.5
250.0,3,20,86.0
250.0,3,21,87.0
250.0,3,22,87.5
250.0,3,23,88.5
250.0,3,24,89.5
250.0,3,25,87.5
250.0,3,26,86.5
250.0,3,27,87.0
250.0,3,28,88.0
250.0,3,29,86.5
250.0,3,30,86.5
300.0,1,1,76.5
300.0,1,2,74.5
300.0,1,3,80.0
300.0,1,4,78.5
300.0,1,5,79.0
300.0,1,6,79.5
300.0,1,7,79.5
300.0,1,8,76.0
300.0,1,9,79.5
300.0,1,10,79.5
300.0,1,11,78.5
300.0,1,12,77.0
300.0,1,13,77.0
300.0,1,14,76.5
300.0,1,15,77.5
300.0,1,16,79.0
300.0,1,17,78.0
300.0,1,18,76.0
300.0,1,19,75.0
300.0,1,20,75.5
300.0,1,21,76.5
300.0,1,22,77.5
300.0,1,23,76.5
300.0,1,24,76.5
300.0,1,25,75.5
300.0,1,26,77.0
300.0,1,27,77.5
300.0,1,28,76.5
300.0,1,29,77.0
300.0,1,30,76.5
300.0,2,1,74.0
300.0,2,2,74.5
300.0,2,3,74.0
300.0,2,4,75.0
300.0,2,5,73.5
300.0,2,6,73.0
300.0,2,7,73.5
300.0,2,8,74.5
300.0,2,9,73.0
300.0,2,10,74.5
300.0,2,11,74.5
300.0,2,12,75.0
300.0,2,13,74.5
300.0,2,14,74.5
300.0,2,15,74.5
300.0,2,16,73.5
300.0,2,17,74.0
300.0,2,18,73.5
300.0,2,19,74.0
300.0,2,20,75.0
300.0,2,21,76.5
300.0,2,22,77.0
300.0,2,23,76.0
300.0,2,24,76.5
300.0,2,25,75.0
300.0,2,26,76.5
300.0,2,27,74.5
300.0,2,28,75.0
300.0,2,29,76.5
300.0,2,30,76.5
300.0,3,1,76.0
300.0,3,2,76.0
300.0,3,3,75.0
300.0,3,4,75.5
300.0,3,5,75.0
300.0,3,6,75.5
300.0,3,7,74.0
300.0,3,8,74.5
300.0,3,9,74.5
300.0,3,10,74.5
300.0,3,11,73.5
300.0,3,12,75.0
300.0,3,13,75.0
300.0,3,14,74.5
300.0,3,15,74.0
300.0,3,16,76.0
300.0,3,17,74.0
300.0,3,18,75.0
300.0,3,19,74.0
300.0,3,20,73.5
300.0,3,21,73.5
300.0,3,22,74.5
300.0,3,23,75.5
300.0,3,24,75.5
300.0,3,25,74.5
300.0,3,26,73.5
300.0,3,27,74.0
300.0,3,28,74.0
300.0,3,29,72.5
300.0,3,30,74.5
400.0,1,1,59.0
400.0,1,2,60.0
400.0,1,3,59.5
400.0,1,4,60.0
400.0,1,5,59.5
400.0,1,6,59.0
400.0,1,7,58.0
400.0,1,8,58.0
400.0,1,9,58.0
400.0,1,10,57.5
400.0,1,11,57.0
400.0,1,12,57.0
400.0,1,13,57.5
400.0,1,14,57.0
400.0,1,15,57.0
400.0,1,16,56.0
400.0,1,17,57.5
400.0,1,18,58.0
400.0,1,19,56.5
400.0,1,20,56.0
400.0,1,21,57.0
400.0,1,22,56.5
400.0,1,23,57.0
400.0,1,24,58.0
400.0,1,25,57.0
400.0,1,26,56.0
400.0,1,27,57.0
400.0,1,28,56.5
400.0,1,29,56.0
400.0,1,30,56.5
400.0,2,1,58.5
400.0,2,2,58.5
400.0,2,3,60.0
400.0,2,4,61.0
400.0,2,5,60.0
400.0,2,6,61.0
400.0,2,7,61.0
400.0,2,8,61.5
400.0,2,9,61.0
400.0,2,10,58.0
400.0,2,11,56.5
400.0,2,12,56.5
400.0,2,13,56.5
400.0,2,14,56.5
400.0,2,15,57.0
400.0,2,16,58.0
400.0,2,17,57.5
400.0,2,18,58.0
400.0,2,19,57.0
400.0,2,20,60.5
400.0,2,21,60.0
400.0,2,22,59.0
400.0,2,23,59.0
400.0,2,24,58.5
400.0,2,25,59.5
400.0,2,26,59.5
400.0,2,27,60.5
400.0,2,28,60.5
400.0,2,29,61.0
400.0,2,30,60.0
400.0,3,1,58.0
400.0,3,2,58.0
400.0,3,3,57.5
400.0,3,4,58.5
400.0,3,5,58.5
400.0,3,6,59.0
400.0,3,7,59.5
400.0,3,8,59.5
400.0,3,9,58.0
400.0,3,10,56.5
400.0,3,11,57.5
400.0,3,12,57.5
400.0,3,13,56.5
400.0,3,14,57.5
400.0,3,15,57.0
400.0,3,16,58.0
400.0,3,17,56.0
400.0,3,18,58.0
400.0,3,19,58.0
400.0,3,20,58.0
400.0,3,21,59.0
400.0,3,22,58.5
400.0,3,23,59.5
400.0,3,24,58.0
400.0,3,25,58.5
400.0,3,26,57.0
400.0,3,27,57.0
400.0,3,28,58.5
400.0,3,29,58.5
400.0,3,30,59.0
500.0,1,1,46.0
500.0,1,2,49.5
500.0,1,3,49.5
500.0,1,4,48.5
500.0,1,5,50.0
500.0,1,6,49.0
500.0,1,7,48.5
500.0,1,8,49.5
500.0,1,9,49.5
500.0,1,10,50.0
500.0,1,11,49.0
500.0,1,12,49.5
500.0,1,13,49.5
500.0,1,14,49.0
500.0,1,15,46.5
500.0,1,16,47.5
500.0,1,17,47.0
500.0,1,18,48.5
500.0,1,19,47.5
500.0,1,20,47.0
500.0,1,21,49.0
500.0,1,22,48.0
500.0,1,23,49.5
500.0,1,24,49.0
500.0,1,25,47.0
500.0,1,26,48.0
500.0,1,27,48.0
500.0,1,28,49.0
500.0,1,29,48.0
500.0,1,30,48.0
500.0,2,1,47.5
500.0,2,2,46.5
500.0,2,3,47.5
500.0,2,4,48.5
500.0,2,5,48.0
500.0,2,6,46.5
500.0,2,7,47.0
500.0,2,8,46.5
500.0,2,9,46.0
500.0,2,10,48.0
500.0,2,11,47.5
500.0,2,12,48.0
500.0,2,13,46.0
500.0,2,14,46.5
500.0,2,15,46.5
500.0,2,16,48.5
500.0,2,17,47.0
500.0,2,18,46.0
500.0,2,19,46.5
500.0,2,20,46.0
500.0,2,21,47.5
500.0,2,22,48.0
500.0,2,23,47.5
500.0,2,24,48.5
500.0,2,25,48.0
500.0,2,26,48.0
500.0,2,27,48.0
500.0,2,28,48.0
500.0,2,29,48.5
500.0,2,30,47.5
500.0,3,1,48.0
500.0,3,2,48.5
500.0,3,3,47.0
500.0,3,4,47.0
500.0,3,5,47.0
500.0,3,6,48.0
500.0,3,7,47.0
500.0,3,8,47.0
500.0,3,9,47.0
500.0,3,10,47.0
500.0,3,11,47.0
500.0,3,12,47.0
500.0,3,13,47.0
500.0,3,14,46.0
500.0,3,15,46.5
500.0,3,16,46.5
500.0,3,17,46.5
500.0,3,18,46.5
500.0,3,19,47.0
500.0,3,20,47.5
500.0,3,21,46.5
500.0,3,22,47.5
500.0,3,23,49.0
500.0,3,24,48.5
500.0,3,25,49.0
500.0,3,26,48.0
500.0,3,27,48.0
500.0,3,28,47.5
500.0,3,29,46.5
500.0,3,30,47.5
600.0,1,1,39.5
600.0,1,2,38.0
600.0,1,3,41.5
600.0,1,4,38.0
600.0,1,5,39.0
600.0,1,6,40.0
600.0,1,7,39.5
600.0,1,8,39.0
600.0,1,9,40.5
600.0,1,10,40.5
600.0,1,11,39.5
600.0,1,12,40.0
600.0,1,13,39.5
600.0,1,14,39.5
600.0,1,15,39.5
600.0,1,16,39.5
600.0,1,17,40.5
600.0,1,18,38.5
600.0,1,19,39.5
600.0,1,20,40.0
600.0,1,21,40.0
600.0,1,22,41.0
600.0,1,23,42.0
600.0,1,24,42.5
600.0,1,25,41.0
600.0,1,26,40.5
600.0,1,27,40.5
600.0,1,28,40.5
600.0,1,29,40.5
600.0,1,30,40.5
600.0,2,1,40.0
600.0,2,2,38.0
600.0,2,3,39.5
600.0,2,4,39.5
600.0,2,5,38.5
600.0,2,6,39.0
600.0,2,7,38.5
600.0,2,8,39.0
600.0,2,9,38.0
600.0,2,10,38.5
600.0,2,11,38.5
600.0,2,12,38.0
600.0,2,13,38.0
600.0,2,14,38.0
600.0,2,15,39.0
600.0,2,16,39.5
600.0,2,17,39.5
600.0,2,18,39.5
600.0,2,19,38.5
600.0,2,20,39.0
600.0,2,21,37.0
600.0,2,22,37.0
600.0,2,23,38.0
600.0,2,24,38.5
600.0,2,25,39.5
600.0,2,26,39.5
600.0,2,27,41.0
600.0,2,28,41.0
600.0,2,29,39.5
600.0,2,30,41.0
600.0,3,1,40.0
600.0,3,2,38.0
600.0,3,3,38.5
600.0,3,4,38.0
600.0,3,5,40.5
600.0,3,6,39.5
600.0,3,7,40.0
600.0,3,8,39.0
600.0,3,9,39.0
600.0,3,10,42.0
600.0,3,11,41.5
600.0,3,12,42.0
600.0,3,13,40.0
600.0,3,14,37.0
600.0,3,15,38.5
600.0,3,16,39.0
600.0,3,17,39.0
600.0,3,18,37.0
600.0,3,19,36.0
600.0,3,20,37.5
600.0,3,21,35.5
600.0,3,22,37.0
600.0,3,23,37.5
600.0,3,24,38.0
600.0,3,25,38.0
600.0,3,26,38.0
600.0,3,27,38.0
600.0,3,28,39.0
600.0,3,29,40.5
600.0,3,30,39.0
800.0,1,1,31.0
800.0,1,2,32.5
800.0,1,3,32.5
800.0,1,4,33.0
800.0,1,5,32.5
800.0,1,6,31.5
800.0,1,7,31.5
800.0,1,8,31.5
800.0,1,9,32.0
800.0,1,10,32.0
800.0,1,11,32.0
800.0,1,12,31.0
800.0,1,13,32.0
800.0,1,14,31.5
800.0,1,15,32.5
800.0,1,16,32.0
800.0,1,17,31.5
800.0,1,18,31.5
800.0,1,19,30.5
800.0,1,20,31.5
800.0,1,21,30.5
800.0,1,22,30.5
800.0,1,23,31.0
800.0,1,24,30.0
800.0,1,25,30.0
800.0,1,26,31.0
800.0,1,27,30.5
800.0,1,28,30.0
800.0,1,29,31.0
800.0,1,30,30.5
800.0,2,1,30.5
800.0,2,2,31.0
800.0,2,3,30.5
800.0,2,4,31.0
800.0,2,5,31.5
800.0,2,6,31.0
800.0,2,7,31.0
800.0,2,8,30.5
800.0,2,9,30.5
800.0,2,10,30.0
800.0,2,11,30.5
800.0,2,12,31.5
800.0,2,13,31.0
800.0,2,14,31.5
800.0,2,15,30.0
800.0,2,16,30.0
800.0,2,17,30.5
800.0,2,18,30.0
800.0,2,19,31.0
800.0,2,20,30.0
800.0,2,21,30.5
800.0,2,22,30.5
800.0,2,23,31.5
800.0,2,24,29.5
800.0,2,25,29.0
800.0,2,26,30.0
800.0,2,27,30.5
800.0,2,28,31.0
800.0,2,29,31.0
800.0,2,30,31.0
800.0,3,1,31.0
800.0,3,2,30.5
800.0,3,3,30.5
800.0,3,4,30.0
800.0,3,5,30.5
800.0,3,6,30.0
800.0,3,7,31.0
800.0,3,8,30.5
800.0,3,9,30.5
800.0,3,10,30.5
800.0,3,11,30.0
800.0,3,12,30.0
800.0,3,13,30.5
800.0,3,14,31.0
800.0,3,15,30.0
800.0,3,16,30.5
800.0,3,17,30.5
800.0,3,18,30.0
800.0,3,19,30.5
800.0,3,20,30.0
800.0,3,21,29.5
800.0,3,22,30.5
800.0,3,23,30.0
800.0,3,24,29.5
800.0,3,25,30.0
800.0,3,26,30.5
800.0,3,27,30.5
800.0,3,28,31.0
800.0,3,29,31.0
800.0,3,30,29.5
1000.0,1,1,26.5
1000.0,1,2,25.5
1000.0,1,3,25.5
1000.0,1,4,26.0
1000.0,1,5,26.0
1000.0,1,6,25.5
1000.0,1,7,25.5
1000.0,1,8,26.0
1000.0,1,9,25.5
1000.0,1,10,26.0
1000.0,1,11,25.5
1000.0,1,12,25.5
1000.0,1,13,25.5
1000.0,1,14,25.5
1000.0,1,15,25.0
1000.0,1,16,25.0
1000.0,1,17,25.0
1000.0,1,18,26.0
1000.0,1,19,25.5
1000.0,1,20,25.0
1000.0,1,21,25.5
1000.0,1,22,25.5
1000.0,1,23,25.5
1000.0,1,24,25.0
1000.0,1,25,24.5
1000.0,1,26,26.0
1000.0,1,27,26.0
1000.0,1,28,26.0
1000.0,1,29,24.5
1000.0,1,30,26.5
1000.0,2,1,25.0
1000.0,2,2,25.0
1000.0,2,3,25.0
1000.0,2,4,26.0
1000.0,2,5,26.0
1000.0,2,6,25.0
1000.0,2,7,26.0
1000.0,2,8,26.0
1000.0,2,9,26.0
1000.0,2,10,25.0
1000.0,2,11,25.0
1000.0,2,12,25.5
1000.0,2,13,26.0
1000.0,2,14,26.0
1000.0,2,15,26.5
1000.0,2,16,26.5
1000.0,2,17,25.5
1000.0,2,18,25.5
1000.0,2,19,25.0
1000.0,2,20,25.5
1000.0,2,21,26.0
1000.0,2,22,25.0
1000.0,2,23,25.5
1000.0,2,24,25.0
1000.0,2,25,25.0
1000.0,2,26,25.5
1000.0,2,27,26.5
1000.0,2,28,26.0
1000.0,2,29,25.0
1000.0,2,30,25.5
1000.0,3,1,25.5
1000.0,3,2,25.0
1000.0,3,3,27.0
1000.0,3,4,26.0
1000.0,3,5,25.5
1000.0,3,6,25.0
1000.0,3,7,24.5
1000.0,3,8,26.0
1000.0,3,9,26.0
1000.0,3,10,26.0
1000.0,3,11,26.5
1000.0,3,12,26.0
1000.0,3,13,26.0
1000.0,3,14,25.5
1000.0,3,15,26.0
1000.0,3,16,25.5
1000.0,3,17,25.0
1000.0,3,18,25.0
1000.0,3,19,25.5
1000.0,3,20,26.0
1000.0,3,21,25.5
1000.0,3,22,25.0
1000.0,3,23,25.5
1000.0,3,24,25.0
1000.0,3,25,24.0
1000.0,3,26,25.5
1000.0,3,27,25.5
1000.0,3,28,25.5
1000.0,3,29,25.5
1000.0,3,30,27.0
